CardID,Class,Name,Cost,Attack,Health,Rarity,Type,Expansion,Tribe,Description,Targeting,SpellAmp,SpellWeakness,BuffAmpAttack,BuffAmpHealth,DrawSeal,Effects,Keywords,MemberSkills,IsToken,IsDefaultCard
"cards-yuni-001","Yuni","작은 아르냥",1,1,1,"common","하수인","기본","아르냥","[Charge]","false",0,0,0,0,"false","[]","[""Charge""]","[]","false","false"
"cards-yuni-002","Yuni","전투교관",2,1,2,"common","하수인","기본","무소속","등장: 아군 하수인에게 {buffAtk:1}/{buffHP:1}을 부여합니다.","true",0,0,0,0,"false","[{""Kind"":""Play"",""ActiveZone"":""Field"",""Trigger"":""ON_PLAY"",""RepeatCount"":1,""TargetConditions"":[{""$type"":""GameServer.Effects.Conditions.RelationCondition, MyGameServer"",""Alliance"":""Friendly""},{""$type"":""GameServer.Effects.Conditions.PropertyCondition, MyGameServer"",""Type"":""하수인""}],""Actions"":[{""$type"":""GameServer.Effects.Actions.BuffAction, MyGameServer"",""Zone"":""Field"",""AttackBuff"":1,""HealthBuff"":1,""Target"":{""$type"":""GameServer.Effects.Targeting.TargetSelector, MyGameServer"",""Scope"":""Context"",""Alliance"":""Friendly"",""Category"":""Minion""}}]}]","[]","[]","false","false"
"cards-yuni-003","Yuni","다정한 아르냥",2,2,1,"common","하수인","기본","아르냥","퇴장: 내 영웅의 체력을 3 회복합니다","false",0,0,0,0,"false","[{""Kind"":""Reactive"",""ActiveZone"":""Field"",""TriggerAction"":""Death"",""Timing"":""After"",""RepeatCount"":1,""TriggerConditions"":[{""$type"":""GameServer.Effects.Conditions.RelationCondition, MyGameServer"",""CheckTarget"":""Target"",""IsSelf"":true}],""Actions"":[{""$type"":""GameServer.Effects.Actions.HealAction, MyGameServer"",""Amount"":3,""Target"":{""$type"":""GameServer.Effects.Targeting.TargetSelector, MyGameServer"",""Alliance"":""Friendly"",""Category"":""Leader""}}]}]","[]","[]","false","false"
"cards-yuni-004","Yuni","정의로운 아르냥",1,1,1,"common","하수인","기본","아르냥","[DivineShield]","false",0,0,0,0,"false","[]","[""DivineShield""]","[]","false","false"
"cards-yuni-005","Yuni","짜증나는 녀셕",2,2,2,"common","하수인","기본","아르냥","[Taunt]","false",0,0,0,0,"false","[]","[""Taunt""]","[]","false","false"
"cards-yuni-006","Yuni","방송 알림",3,0,0,"common","주문","기본","무소속","덱에서 하수인을 2장 뽑습니다.","false",0,0,0,0,"false","[{""Kind"":""Play"",""ActiveZone"":""Hand"",""Trigger"":""ON_PLAY"",""RepeatCount"":1,""Actions"":[{""$type"":""GameServer.Effects.Actions.DrawAction, MyGameServer"",""Count"":2,""TargetCardType"":""하수인""}]}]","[]","[]","false","false"
"cards-yuni-007","Yuni","상자속 고양이",3,2,3,"common","하수인","기본","아르냥","[Stealth]","false",0,0,0,0,"false","[]","[""Stealth""]","[]","false","false"
"cards-yuni-008","Yuni","발빠른 아르냥",3,2,3,"common","하수인","기본","아르냥","[Rush]","false",0,0,0,0,"false","[]","[""Rush""]","[]","false","false"
"cards-yuni-009","Yuni","구독권 선물",4,0,0,"common","주문","기본","무소속","모든 아군 하수인들에게 {buffAtk:1}/{buffHP:1}을 부여합니다.","false",0,0,0,0,"false","[{""Kind"":""Play"",""ActiveZone"":""Hand"",""Trigger"":""ON_PLAY"",""RepeatCount"":1,""Actions"":[{""$type"":""GameServer.Effects.Actions.BuffAction, MyGameServer"",""Zone"":""Field"",""AttackBuff"":1,""HealthBuff"":1,""Target"":{""$type"":""GameServer.Effects.Targeting.TargetSelector, MyGameServer"",""Scope"":""All"",""Alliance"":""Friendly"",""Category"":""Minion""}}]}]","[]","[]","false","false"
"cards-yuni-010","Yuni","아르냥 방패대가",4,3,5,"common","하수인","기본","무소속","[Taunt]","false",0,0,0,0,"false","[]","[""Taunt""]","[]","false","false"
"cards-yuni-011","Yuni","치명적인 아르냥",4,2,4,"common","하수인","기본","무소속","[Poisonous]","false",0,0,0,0,"false","[]","[""Poisonous""]","[]","false","false"
"cards-yuni-012","Yuni","시체활용",5,0,0,"common","주문","기본","무소속","적 하수인을 파괴하고 무작위 아군 하수인에게 {buffAtk:1}/{buffHP:1}을 부여합니다.","true",0,0,0,0,"false","[{""Kind"":""Play"",""ActiveZone"":""Hand"",""Trigger"":""ON_PLAY"",""RepeatCount"":1,""TargetConditions"":[{""$type"":""GameServer.Effects.Conditions.RelationCondition, MyGameServer"",""Alliance"":""Enemy""},{""$type"":""GameServer.Effects.Conditions.PropertyCondition, MyGameServer"",""Type"":""하수인""}],""Actions"":[{""$type"":""GameServer.Effects.Actions.DestroyAction, MyGameServer""},{""$type"":""GameServer.Effects.Actions.BuffAction, MyGameServer"",""Zone"":""Field"",""AttackBuff"":1,""HealthBuff"":1,""Target"":{""$type"":""GameServer.Effects.Targeting.TargetSelector, MyGameServer"",""Scope"":""Random"",""Alliance"":""Friendly"",""Category"":""Minion""}}]}]","[]","[]","false","false"
"cards-yuni-013","Yuni","자연주의자",5,4,4,"rare","하수인","기본","무소속","[SpellWeakness: 1]","false",0,1,0,0,"false","[]","[]","[]","false","false"
"cards-yuni-014","Yuni","전투대장",6,3,3,"rare","하수인","기본","무소속","[cards-yuni-1002] 2장을 소환합니다.","false",0,0,0,0,"false","[{""Kind"":""Play"",""ActiveZone"":""Field"",""Trigger"":""ON_PLAY"",""RepeatCount"":1,""Actions"":[{""$type"":""GameServer.Effects.Actions.SummonAction, MyGameServer"",""Source"":""Create"",""Count"":2,""SpecificCardId"":""cards-yuni-1002"",""Placement"":""BothSides""}]}]","[]","[]","false","false"
"cards-yuni-015","Yuni","응원하기",2,0,0,"common","주문","기본","무소속","아군 하수인에게 {buffAtk:0}/{buffHP:2}와 [Taunt]을 부여합니다.","true",0,0,0,0,"false","[{""Kind"":""Play"",""ActiveZone"":""Hand"",""Trigger"":""ON_PLAY"",""RepeatCount"":1,""TargetConditions"":[{""$type"":""GameServer.Effects.Conditions.RelationCondition, MyGameServer"",""Alliance"":""Friendly""},{""$type"":""GameServer.Effects.Conditions.PropertyCondition, MyGameServer"",""Type"":""하수인""}],""Actions"":[{""$type"":""GameServer.Effects.Actions.BuffAction, MyGameServer"",""Zone"":""Field"",""HealthBuff"":2,""Keywords"":[""Taunt""],""Target"":{""$type"":""GameServer.Effects.Targeting.TargetSelector, MyGameServer"",""Scope"":""Context"",""Alliance"":""Friendly"",""Category"":""Minion""}}]}]","[]","[]","false","false"
"cards-yuni-016","Yuni","폭풍을 부르는 야르냥들",7,0,0,"common","주문","기본","무소속","비용이 3이하인 아르냥들로 내 필드를 채움니다.","false",0,0,0,0,"false","[{""Kind"":""Play"",""ActiveZone"":""Hand"",""Trigger"":""ON_PLAY"",""RepeatCount"":1,""Actions"":[{""$type"":""GameServer.Effects.Actions.SummonAction, MyGameServer"",""Source"":""Create"",""Count"":5,""TargetCardType"":""하수인"",""MaxCost"":3,""TargetTribe"":""아르냥""}]}]","[]","[]","false","false"
"cards-yuni-017","Yuni","배고픈 전사",8,4,4,"common","하수인","기본","아르냥","내 필드에 [cards-yuni-1001]2장을 소환합니다.","false",0,0,0,0,"false","[{""Kind"":""Play"",""ActiveZone"":""Field"",""Trigger"":""ON_PLAY"",""RepeatCount"":1,""Actions"":[{""$type"":""GameServer.Effects.Actions.SummonAction, MyGameServer"",""Source"":""Create"",""Count"":2,""SpecificCardId"":""cards-yuni-1001"",""Placement"":""BothSides""}]}]","[]","[]","false","false"
"cards-yuni-018","Yuni","빛의 심판자",9,5,5,"common","하수인","기본","아르냥","등장: 적에게 {damage:6}의 피해를 줍니다.","true",0,0,0,0,"false","[{""Kind"":""Play"",""ActiveZone"":""Field"",""Trigger"":""ON_PLAY"",""RepeatCount"":1,""TargetConditions"":[{""$type"":""GameServer.Effects.Conditions.RelationCondition, MyGameServer"",""Alliance"":""Enemy""}],""Actions"":[{""$type"":""GameServer.Effects.Actions.DamageAction, MyGameServer"",""Amount"":6,""Target"":{""$type"":""GameServer.Effects.Targeting.TargetSelector, MyGameServer"",""Scope"":""Context"",""Alliance"":""Enemy"",""Category"":""Character""}}]}]","[]","[]","false","false"
"cards-yuni-019","Yuni","실패한 혼합체",10,6,8,"epic","하수인","기본","아르냥","[Taunt, Lifesteal, Elusive]","false",0,0,0,0,"false","[]","[""Taunt"",""Lifesteal"",""Elusive""]","[]","false","false"
"cards-yuni-020","Yuni","거인 아르냥",12,8,8,"rare","하수인","기본","아르냥","내 손의 카드수만큼 비용이 감소합니다.","false",0,0,0,0,"false","[{""Kind"":""Reactive"",""ActiveZone"":""Hand"",""Trigger"":""ON_AURA"",""RepeatCount"":1,""TriggerConditions"":[{""$type"":""GameServer.Effects.Conditions.RelationCondition, MyGameServer"",""Alliance"":""Friendly""}],""Actions"":[{""$type"":""GameServer.Effects.Actions.DynamicStatAction, MyGameServer"",""ConditionType"":""MyHandCount"",""CostPerUnit"":-1}]}]","[]","[]","false","false"
"cards-yuni-1001","Yuni","치즈 조각",1,1,1,"common","하수인","기본","무소속","퇴장: 내 필드에있는 [cards-yuni-017]에게 {buffAtk:4}/{buffHP:4}를 부여합니다.","false",0,0,0,0,"false","[{""Kind"":""Reactive"",""ActiveZone"":""Field"",""TriggerAction"":""Death"",""Timing"":""After"",""RepeatCount"":1,""TriggerConditions"":[{""$type"":""GameServer.Effects.Conditions.RelationCondition, MyGameServer"",""CheckTarget"":""Target"",""IsSelf"":true}],""Actions"":[{""$type"":""GameServer.Effects.Actions.BuffAction, MyGameServer"",""Zone"":""Field"",""AttackBuff"":4,""HealthBuff"":4,""Target"":{""$type"":""GameServer.Effects.Targeting.TargetSelector, MyGameServer"",""Scope"":""All"",""Alliance"":""Friendly"",""Category"":""Minion""},""Filters"":[{""$type"":""GameServer.Effects.Conditions.PropertyCondition, MyGameServer"",""Type"":""하수인"",""CardId"":""cards-yuni-017""}]}]}]","[]","[]","false","false"
"cards-yuni-1002","Yuni","신병 아르냥",1,1,1,"rare","하수인","기본","아르냥","","false",0,0,0,0,"false","[]","[]","[]","false","false"
"cards-yuni-021","Yuni","스트리머 아야츠노 유니",4,0,5,"legendary","멤버","기본","멤버","","false",0,0,0,0,"false","[]","[]","[{""SkillId"":0,""Name"":""스킬 1"",""Description"":""{cards-yuni-1002}을 하나 소환합니다."",""HealthCost"":1,""ManaCost"":0,""Targeting"":false,""Effects"":[{""Kind"":""Play"",""ActiveZone"":""MemberZone"",""Trigger"":""ON_PLAY"",""RepeatCount"":1,""Actions"":[{""$type"":""GameServer.Effects.Actions.SummonAction, MyGameServer"",""Count"":1,""SpecificCardId"":""cards-yuni-1002"",""TargetCardType"":""하수인"",""Source"":""Create"",""Target"":{""$type"":""GameServer.Effects.Targeting.TargetSelector, MyGameServer"",""Scope"":""Context"",""Alliance"":""Friendly"",""Category"":""Leader""}}]}]},{""SkillId"":1,""Name"":""스킬 2"",""Description"":""아군 하수인에게 {buffAtk:1}/{buffHP:1}와 [Taunt]을 부여합니다."",""HealthCost"":0,""ManaCost"":0,""Targeting"":true,""Effects"":[{""Kind"":""Play"",""ActiveZone"":""MemberZone"",""Trigger"":""ON_PLAY"",""RepeatCount"":1,""TargetConditions"":[{""$type"":""GameServer.Effects.Conditions.PropertyCondition, MyGameServer"",""CheckTarget"":""Target"",""Type"":""하수인""},{""$type"":""GameServer.Effects.Conditions.RelationCondition, MyGameServer"",""CheckTarget"":""Target"",""Alliance"":""Friendly""}],""Actions"":[{""$type"":""GameServer.Effects.Actions.BuffAction, MyGameServer"",""AttackBuff"":1,""HealthBuff"":1,""Keywords"":[""Taunt""],""Target"":{""$type"":""GameServer.Effects.Targeting.TargetSelector, MyGameServer"",""Scope"":""Context"",""Alliance"":""Friendly"",""Category"":""Minion""}}]}]},{""SkillId"":2,""Name"":""스킬 3"",""Description"":""{cards-yuni-1002}을 둘 소환합니다."",""HealthCost"":-1,""ManaCost"":0,""Targeting"":false,""Effects"":[{""Kind"":""Play"",""ActiveZone"":""MemberZone"",""Trigger"":""ON_PLAY"",""RepeatCount"":1,""Actions"":[{""$type"":""GameServer.Effects.Actions.SummonAction, MyGameServer"",""Count"":2,""SpecificCardId"":""cards-yuni-1002"",""TargetCardType"":""하수인"",""Source"":""Create"",""Target"":{""$type"":""GameServer.Effects.Targeting.TargetSelector, MyGameServer"",""Scope"":""Context"",""Alliance"":""Friendly"",""Category"":""Leader""}}]}]},{""SkillId"":3,""Name"":""스킬 4"",""Description"":""아군 하수인들에게 {buffAtk:2}/{buffHP:2}를 부여합니다."",""HealthCost"":-4,""ManaCost"":0,""Targeting"":false,""Effects"":[{""Kind"":""Play"",""ActiveZone"":""MemberZone"",""Trigger"":""ON_PLAY"",""RepeatCount"":1,""Actions"":[{""$type"":""GameServer.Effects.Actions.BuffAction, MyGameServer"",""AttackBuff"":2,""HealthBuff"":2,""Target"":{""$type"":""GameServer.Effects.Targeting.TargetSelector, MyGameServer"",""Scope"":""All"",""Alliance"":""Friendly"",""Category"":""Minion""}}]}]}]","false","false"
