CardID,Class,Name,Cost,Attack,Health,Rarity,Type,Expansion,Tribe,Description,Targeting,Effects,Keywords
"cards-gangzi-001","Gangzi","강도단",1,1,2,"common","하수인","기본","강도단","","false","[]","[]"
"cards-gangzi-002","Gangzi","맷집좋은 강도단",2,1,2,"common","하수인","기본","강도단","등장: 하수인에게 1/1을 부여합니다.","true","[{""ActiveZone"":""Field"",""Trigger"":""ON_PLAY"",""RepeatCount"":1,""Conditions"":[{""$type"":""GameServer.Effects.Conditions.TargetIsMinionCondition, MyGameServer""}],""Actions"":[{""$type"":""GameServer.Effects.Actions.BuffAction, MyGameServer"",""AttackBuff"":1,""HealthBuff"":1}]}]","[]"
"cards-gangzi-003","Gangzi","분노한 강도단",2,2,1,"common","하수인","기본","강도단","등장: 캐릭터에게 피해를 3줍니다.","true","[{""ActiveZone"":""Field"",""Trigger"":""ON_PLAY"",""RepeatCount"":1,""Actions"":[{""$type"":""GameServer.Effects.Actions.DamageAction, MyGameServer"",""Amount"":3}]}]","[]"
"cards-gangzi-004","Gangzi","신난 강도단",2,3,1,"common","하수인","기본","강도단","","false","[]","[""Rush""]"
"cards-gangzi-005","Gangzi","가아앙도단",2,1,1,"common","하수인","기본","강도단","등장: 카드를 1장 뽑습니다","false","[{""ActiveZone"":""Field"",""Trigger"":""ON_PLAY"",""RepeatCount"":1,""Actions"":[{""$type"":""GameServer.Effects.Actions.DrawAction, MyGameServer"",""Count"":1,""Target"":{""$type"":""GameServer.Effects.TargetSelector.FriendlyLeaderSelector, MyGameServer""}}]}]","[]"
"cards-gangzi-006","Gangzi","허술한 강도단",2,1,2,"common","하수인","기본","강도단","퇴장: 아군 리더의 체력을 6회복 합니다.","false","[{""ActiveZone"":""Field"",""Trigger"":""ON_DEATH"",""RepeatCount"":1,""Actions"":[{""$type"":""GameServer.Effects.Actions.HealAction, MyGameServer"",""Amount"":6,""Target"":{""$type"":""GameServer.Effects.TargetSelector.FriendlyLeaderSelector, MyGameServer""}}]}]","[]"
"cards-gangzi-007","Gangzi","감자",2,0,0,"common","주문","기본","무소속","적 캐릭터에게 5의 피해를 입힙니다.","true","[{""ActiveZone"":""Hand"",""Trigger"":""ON_PLAY"",""RepeatCount"":1,""Conditions"":[{""$type"":""GameServer.Effects.Conditions.TargetIsEnemyCondition, MyGameServer""}],""Actions"":[{""$type"":""GameServer.Effects.Actions.DamageAction, MyGameServer"",""Amount"":5,""Target"":{""$type"":""GameServer.Effects.TargetSelector.ContextEnemyCharacterSelector, MyGameServer""}}]}]","[]"
"cards-gangzi-008","Gangzi","놀라는 강도단",2,2,2,"common","하수인","기본","강도단","등장: 하수인을 속박합니다.","true","[{""ActiveZone"":""Field"",""Trigger"":""ON_PLAY"",""RepeatCount"":1,""Conditions"":[{""$type"":""GameServer.Effects.Conditions.TargetIsMinionCondition, MyGameServer""}],""Actions"":[{""$type"":""GameServer.Effects.Actions.BindAction, MyGameServer"",""Target"":{""$type"":""GameServer.Effects.TargetSelector.ContextMinionTargetSelector, MyGameServer""}}]}]","[]"
"cards-gangzi-009","Gangzi","혼자놀기",2,0,0,"common","주문","기본","무소속","하수인에게 +2/-2을 부여합니다.","true","[{""ActiveZone"":""Hand"",""Trigger"":""ON_PLAY"",""RepeatCount"":1,""Conditions"":[{""$type"":""GameServer.Effects.Conditions.TargetIsMinionCondition, MyGameServer""}],""Actions"":[{""$type"":""GameServer.Effects.Actions.BuffAction, MyGameServer"",""AttackBuff"":2,""HealthBuff"":-2}]}]","[]"
"cards-gangzi-010","Gangzi","멤버모집",3,0,0,"rare","주문","기본","무소속","덱에서 '멤버' 카드 1장을 무작위로 가져옵니다.","false","[{""ActiveZone"":""Hand"",""Trigger"":""ON_PLAY"",""RepeatCount"":1,""Actions"":[{""$type"":""GameServer.Effects.Actions.DrawAction, MyGameServer"",""Count"":1,""TargetCardType"":""멤버""}]}]","[]"
"cards-gangzi-011","Gangzi","강도단 집합",5,0,0,"rare","주문","기본","무소속","덱에서 비용이 2 이하인 '강도단'을 3명 소환합니다.","false","[{""ActiveZone"":""Hand"",""Trigger"":""ON_PLAY"",""RepeatCount"":1,""Actions"":[{""$type"":""GameServer.Effects.Actions.SummonFromDeckAction, MyGameServer"",""Count"":3,""TargetCardType"":""하수인"",""MaxCost"":2,""TargetTribe"":""강도단""}]}]","[]"
"cards-gangzi-012","Gangzi","강순이",5,3,3,"rare","하수인","기본","강도단","등장: 상대 하수인을 선택합니다 그 하수인이 다른 캐릭터를 공격하게합니다.","true","[{""ActiveZone"":""Field"",""Trigger"":""ON_PLAY"",""RepeatCount"":1,""Conditions"":[{""$type"":""GameServer.Effects.Conditions.TargetIsEnemyCondition, MyGameServer""},{""$type"":""GameServer.Effects.Conditions.TargetIsMinionCondition, MyGameServer""}],""Actions"":[{""$type"":""GameServer.Effects.Actions.ForceAttackAction, MyGameServer""}]}]","[]"
"cards-gangzi-013","Gangzi","익명의 강도단",5,3,3,"rare","하수인","기본","강도단","등장: 이번 게임에서 죽은 무작위 '강도단' 하나를 부활시킵니다.","false","[{""ActiveZone"":""Field"",""Trigger"":""ON_PLAY"",""RepeatCount"":1,""Actions"":[{""$type"":""GameServer.Effects.Actions.ResurrectAction, MyGameServer"",""Count"":1,""TargetCardType"":""하수인"",""TargetTribe"":""강도단""}]}]","[]"
"cards-gangzi-014","Gangzi","너 죽을래!?",4,0,0,"common","주문","기본","무소속","적 하수인 하나를 처치합니다.","true","[{""ActiveZone"":""Hand"",""Trigger"":""ON_PLAY"",""RepeatCount"":1,""Conditions"":[{""$type"":""GameServer.Effects.Conditions.TargetIsEnemyCondition, MyGameServer""},{""$type"":""GameServer.Effects.Conditions.TargetIsMinionCondition, MyGameServer""}],""Actions"":[{""$type"":""GameServer.Effects.Actions.DestroyAction, MyGameServer""}]}]","[]"
"cards-gangzi-015","Gangzi","가족같은 강도단",6,4,3,"rare","하수인","기본","강도단","등장: 내 캐릭터들의 체력을  5회복합니다.","false","[{""ActiveZone"":""Field"",""Trigger"":""ON_PLAY"",""RepeatCount"":1,""Actions"":[{""$type"":""GameServer.Effects.Actions.HealAction, MyGameServer"",""Amount"":5,""Target"":{""$type"":""GameServer.Effects.TargetSelector.AllFriendlySelector, MyGameServer""}}]}]","[]"
"cards-gangzi-016","Gangzi","매도",5,0,0,"rare","주문","기본","무소속","적 캐릭터 하나에게 피해를 10 줍니다.","true","[{""ActiveZone"":""Hand"",""Trigger"":""ON_PLAY"",""RepeatCount"":1,""Conditions"":[{""$type"":""GameServer.Effects.Conditions.TargetIsEnemyCondition, MyGameServer""}],""Actions"":[{""$type"":""GameServer.Effects.Actions.DamageAction, MyGameServer"",""Amount"":10,""Target"":{""$type"":""GameServer.Effects.TargetSelector.ContextEnemyCharacterSelector, MyGameServer""}}]}]","[]"
"cards-gangzi-017","Gangzi","바지냥이",2,0,4,"common","하수인","기본","강도단","아군 하수인이 피해 받을 때마다 공격력을 1 얻습니다.","false","[{""ActiveZone"":""Field"",""Trigger"":""ON_DAMAGE"",""RepeatCount"":1,""Conditions"":[{""$type"":""GameServer.Effects.Conditions.TargetIsFriendlyCondition, MyGameServer""},{""$type"":""GameServer.Effects.Conditions.TargetIsMinionCondition, MyGameServer""}],""Actions"":[{""$type"":""GameServer.Effects.Actions.BuffAction, MyGameServer"",""AttackBuff"":1,""HealthBuff"":0,""Target"":{""$type"":""GameServer.Effects.TargetSelector.SelfSelector, MyGameServer""}}]}]","[]"
"cards-gangzi-018","Gangzi","강형",8,10,10,"epic","하수인","기본","강도단","-","false","[]","[]"
"cards-gangzi-019","Gangzi","듬직한 사장",8,5,5,"legendary","하수인","기본","강도단","등장: 필드가 가득 찰 때까지 무작위 '강도단'을 소환합니다.","false","[{""ActiveZone"":""Field"",""Trigger"":""ON_PLAY"",""RepeatCount"":5,""Actions"":[{""$type"":""GameServer.Effects.Actions.RandomSummonAction, MyGameServer"",""Count"":1,""TargetCardType"":""하수인"",""TargetTribe"":""강도단""}]}]","[]"
"cards-gangzi-020","Gangzi","사쵸",10,15,15,"epic","하수인","기본","강도단","-","false","[]","[]"
"cards-gangzi-021","Gangzi","강도단을 부르는 피리",2,1,1,"common","하수인","기본","무소속","둥장: 지정한 아군 필드에 1/1 강도단을 소환합니다. 두번 발동합니다",true,"[{""ActiveZone"":""Field"",""Trigger"":""ON_PLAY"",""RepeatCount"":1,""Actions"":[{""$type"":""GameServer.Effects.Actions.SummonAction, MyGameServer"",""CardId"":""cards-gangzi-1001"",""Count"":2,""IsPositionChoice"":true}]}]","[]"
"cards-gangzi-1001","Gangzi","쫄따구 강도단",1,1,1,"common","하수인","기본","강도단","","false","[]","[]"
